{
  "area_calculations": {
    "original_time": 0.5019978949999313,
    "optimized_time": 0.005323119999957271,
    "mesh_optimized_time": 0.02307880100033799,
    "speedup": 0.010603869165543013,
    "mesh_speedup": 0.0459738999509971
  },
  "volume_calculations": {
    "original_time": 0.4177856900000734,
    "optimized_time": 0.0008896269996512274,
    "speedup": 0.00212938600087301
  },
  "energy_computation": {
    "original_time": 0.26855246200011607,
    "optimized_time": 0.24875747599980969,
    "speedup": 0.9262900594808257
  },
  "minimization_loop": {
    "original_time": 0.09149340900012248,
    "original_energy": 5.904836538461771,
    "optimized_time": 0.08626419000029273,
    "optimized_energy": 5.904836538461771,
    "speedup": 0.9428459486101042
  },
  "mesh_refinement": {
    "time": 0.0034203150003122573,
    "original_vertices": 14,
    "refined_vertices": 50,
    "original_facets": 24,
    "refined_facets": 96,
    "vertex_ratio": 3.5714285714285716,
    "facet_ratio": 4.0
  },
  "refined_area_calculations": {
    "original_time": 0.401864211999964,
    "optimized_time": 0.005935454999871581,
    "mesh_optimized_time": 0.005554281000058836,
    "speedup": 0.014769802392535796,
    "mesh_speedup": 0.013821287972911938
  },
  "refined_energy_computation": {
    "original_time": 0.20805610399975194,
    "optimized_time": 0.19157831099983014,
    "speedup": 0.9208012036986838
  }
}