{
    "vertices": [
        [
            -0.3877755835010082,
            -0.38777558350100827,
            -0.3877755835010081,
            {
                "fixed": false
            }
        ],
        [
            1.3877755835010082,
            -0.38777558350100816,
            -0.38777558350100816,
            {
                "fixed": false
            }
        ],
        [
            1.3877755835010082,
            -0.3877755835010081,
            1.3877755835010082,
            {
                "fixed": false
            }
        ],
        [
            -0.38777558350100816,
            -0.38777558350100816,
            1.3877755835010082
        ],
        [
            -0.38777558350100816,
            1.3877755835010082,
            1.3877755835010082
        ],
        [
            -0.38777558350100816,
            1.3877755835010082,
            -0.38777558350100816
        ],
        [
            1.3877755835010082,
            1.3877755835010082,
            -0.3877755835010081
        ],
        [
            1.387775583501008,
            1.3877755835010082,
            1.3877755835010082
        ],
        [
            0.5,
            -0.900406689383909,
            0.5
        ],
        [
            0.5,
            0.5,
            -0.900406689383909
        ],
        [
            1.9004066893839089,
            0.5,
            0.5
        ],
        [
            0.5,
            0.5,
            1.9004066893839089
        ],
        [
            -0.9004066893839094,
            0.5,
            0.5
        ],
        [
            0.5,
            1.9004066893839089,
            0.5
        ]
    ],
    "edges": [
        [
            0,
            1
        ],
        [
            1,
            2
        ],
        [
            2,
            3
        ],
        [
            3,
            0
        ],
        [
            4,
            5
        ],
        [
            5,
            6
        ],
        [
            6,
            7
        ],
        [
            7,
            4
        ],
        [
            0,
            5
        ],
        [
            1,
            6
        ],
        [
            2,
            7
        ],
        [
            3,
            4
        ],
        [
            0,
            8,
            {
                "energy": [
                    "surface"
                ]
            }
        ],
        [
            1,
            8,
            {
                "energy": [
                    "surface"
                ]
            }
        ],
        [
            2,
            8,
            {
                "energy": [
                    "surface"
                ]
            }
        ],
        [
            3,
            8,
            {
                "energy": [
                    "surface"
                ]
            }
        ],
        [
            1,
            9,
            {
                "energy": [
                    "surface"
                ]
            }
        ],
        [
            0,
            9,
            {
                "energy": [
                    "surface"
                ]
            }
        ],
        [
            5,
            9,
            {
                "energy": [
                    "surface"
                ]
            }
        ],
        [
            6,
            9,
            {
                "energy": [
                    "surface"
                ]
            }
        ],
        [
            1,
            10,
            {
                "energy": [
                    "surface"
                ]
            }
        ],
        [
            6,
            10,
            {
                "energy": [
                    "surface"
                ]
            }
        ],
        [
            7,
            10,
            {
                "energy": [
                    "surface"
                ]
            }
        ],
        [
            2,
            10,
            {
                "energy": [
                    "surface"
                ]
            }
        ],
        [
            3,
            11,
            {
                "energy": [
                    "surface"
                ]
            }
        ],
        [
            2,
            11,
            {
                "energy": [
                    "surface"
                ]
            }
        ],
        [
            7,
            11,
            {
                "energy": [
                    "surface"
                ]
            }
        ],
        [
            4,
            11,
            {
                "energy": [
                    "surface"
                ]
            }
        ],
        [
            3,
            12,
            {
                "energy": [
                    "surface"
                ]
            }
        ],
        [
            4,
            12,
            {
                "energy": [
                    "surface"
                ]
            }
        ],
        [
            5,
            12,
            {
                "energy": [
                    "surface"
                ]
            }
        ],
        [
            0,
            12,
            {
                "energy": [
                    "surface"
                ]
            }
        ],
        [
            6,
            13,
            {
                "energy": [
                    "surface"
                ]
            }
        ],
        [
            5,
            13,
            {
                "energy": [
                    "surface"
                ]
            }
        ],
        [
            4,
            13,
            {
                "energy": [
                    "surface"
                ]
            }
        ],
        [
            7,
            13,
            {
                "energy": [
                    "surface"
                ]
            }
        ]
    ],
    "faces": [
        [
            0,
            13,
            "r12",
            {
                "energy": [
                    "surface"
                ],
                "parent_facet": 0
            }
        ],
        [
            1,
            14,
            "r13",
            {
                "energy": [
                    "surface"
                ],
                "parent_facet": 0
            }
        ],
        [
            2,
            15,
            "r14",
            {
                "energy": [
                    "surface"
                ],
                "parent_facet": 0
            }
        ],
        [
            3,
            12,
            "r15",
            {
                "energy": [
                    "surface"
                ],
                "parent_facet": 0
            }
        ],
        [
            17,
            "r16",
            "r0",
            {
                "energy": [
                    "surface"
                ],
                "parent_facet": 1
            }
        ],
        [
            8,
            18,
            "r17",
            {
                "energy": [
                    "surface"
                ],
                "parent_facet": 1
            }
        ],
        [
            5,
            19,
            "r18",
            {
                "energy": [
                    "surface"
                ],
                "parent_facet": 1
            }
        ],
        [
            16,
            "r19",
            "r9",
            {
                "energy": [
                    "surface"
                ],
                "parent_facet": 1
            }
        ],
        [
            9,
            21,
            "r20",
            {
                "energy": [
                    "surface"
                ],