{
    "vertices": [
        [
            -0.0004999147161205772,
            -0.0005005754934799399,
            -0.0004999147161205772
        ],
        [
            1.000500575546431,
            -0.0005005754934799399,
            -0.0004999147161205772
        ],
        [
            1.000500575546431,
            1.0005005754934795,
            -0.0004999147161205772
        ],
        [
            -0.0004999147161205772,
            1.0005005754934795,
            -0.0004999147161205772
        ],
        [
            -0.0004999147161205772,
            1.0005005754934795,
            1.000500575546431
        ],
        [
            -0.0004999147161205772,
            -0.0005005754934799399,
            1.000500575546431
        ],
        [
            1.000500575546431,
            -0.0005005754934799399,
            1.000500575546431
        ],
        [
            1.000500575546431,
            1.0005005754934795,
            1.000500575546431
        ]
    ],
    "faces": [
        [
            0,
            1,
            2,
            3
        ],
        [
            0,
            1,
            6,
            5
        ],
        [
            0,
            3,
            4,
            5
        ],
        [
            1,
            2,
            7,
            6
        ],
        [
            2,
            3,
            4,
            7
        ],
        [
            4,
            5,
            6,
            7
        ]
    ],
    "edges": [
        [
            0,
            1
        ],
        [
            1,
            2
        ],
        [
            2,
            3
        ],
        [
            3,
            0
        ],
        [
            4,
            5
        ],
        [
            5,
            6
        ],
        [
            6,
            7
        ],
        [
            7,
            4
        ],
        [
            0,
            5
        ],
        [
            1,
            6
        ],
        [
            2,
            7
        ],
        [
            3,
            4
        ]
    ],
    "body": {
        "original_body": {
            "faces": [
                [
                    0,
                    1,
                    2,
                    3,
                    4,
                    5
                ]
            ],
            "target_volume": [
                1
            ]
        },
        "global_volume": 1.0023372489562241
    }
}