{
  "vertices": [
    [-0.5257311121, 0.8506508084, 0.0],
    [0.5257311121, 0.8506508084, 0.0],
    [-0.5257311121, -0.8506508084, 0.0],
    [0.5257311121, -0.8506508084, 0.0],
    [0.0, -0.5257311121, 0.8506508084],
    [0.0, 0.5257311121, 0.8506508084],
    [0.0, -0.5257311121, -0.8506508084],
    [0.0, 0.5257311121, -0.8506508084],
    [0.8506508084, 0.0, -0.5257311121],
    [0.8506508084, 0.0, 0.5257311121],
    [-0.8506508084, 0.0, -0.5257311121],
    [-0.8506508084, 0.0, 0.5257311121]
  ],
  "edges": [
    [0, 11],
    [11, 5],
    [5, 0],
    [5, 1],
    [1, 0],
    [1, 7],
    [7, 0],
    [7, 10],
    [10, 0],
    [10, 11],
    [5, 9],
    [9, 1],
    [11, 4],
    [4, 5],
    [10, 2],
    [2, 11],
    [7, 6],
    [6, 10],
    [1, 8],
    [8, 7],
    [3, 9],
    [9, 4],
    [4, 3],
    [4, 2],
    [2, 3],
    [2, 6],
    [6, 3],
    [6, 8],
    [8, 3],
    [8, 9]
  ],
  "faces": [
    [0, 1, 2],
    ["r2", 3, 4],
    ["r4", 5, 6],
    ["r6", 7, 8],
    ["r8", 9, "r0"],
    ["r3", 10, 11],
    ["r1", 12, 13],
    ["r9", 14, 15],
    ["r7", 16, 17],
    ["r5", 18, 19],
    [20, 21, 22],
    ["r22", 23, 24],
    ["r24", 25, 26],
    ["r26", 27, 28],
    ["r28", 29, "r20"],
    ["r21", "r10", "r13"],
    ["r23", "r12", "r15"],
    ["r25", "r14", "r17"],
    ["r27", "r16", "r19"],
    ["r29", "r18", "r11"]
  ],
  "energy_modules": ["bending"],
  "global_parameters": {
    "bending_modulus": 1.0,
    "bending_energy_model": "helfrich",
    "spontaneous_curvature": 2.0,
    "bending_gradient_mode": "analytic",
    "surface_tension": 0.0,
    "volume_constraint_mode": "none"
  }
}
