{
  "vertices": [
    [0.0, 0.0, 1.0],
    [0.3420201433256687, 0.0, 0.9396926207859084],
    [0.29619813272602386, 0.17101007166283433, 0.9396926207859084],
    [0.17101007166283438, 0.2961981327260238, 0.9396926207859084],
    [2.094269368838496e-17, 0.3420201433256687, 0.9396926207859084],
    [-0.1710100716628343, 0.29619813272602386, 0.9396926207859084],
    [-0.29619813272602386, 0.17101007166283433, 0.9396926207859084],
    [-0.3420201433256687, 4.188538737676992e-17, 0.9396926207859084],
    [-0.2961981327260239, -0.17101007166283427, 0.9396926207859084],
    [-0.1710100716628345, -0.29619813272602374, 0.9396926207859084],
    [-6.282808106515487e-17, -0.3420201433256687, 0.9396926207859084],
    [0.17101007166283438, -0.2961981327260238, 0.9396926207859084],
    [0.29619813272602374, -0.1710100716628345, 0.9396926207859084],
    [0.6427876096865393, 0.0, 0.766044443118978, {"fixed": true}],
    [0.5566703992264194, 0.32139380484326957, 0.766044443118978, {"fixed": true}],
    [0.3213938048432697, 0.5566703992264193, 0.766044443118978, {"fixed": true}],
    [3.9359389436709925e-17, 0.6427876096865393, 0.766044443118978, {"fixed": true}],
    [-0.3213938048432695, 0.5566703992264194, 0.766044443118978, {"fixed": true}],
    [-0.5566703992264194, 0.32139380484326957, 0.766044443118978, {"fixed": true}],
    [-0.6427876096865393, 7.871877887341985e-17, 0.766044443118978, {"fixed": true}],
    [-0.5566703992264194, -0.32139380484326946, 0.766044443118978, {"fixed": true}],
    [-0.3213938048432699, -0.5566703992264191, 0.766044443118978, {"fixed": true}],
    [-1.1807816831012978e-16, -0.6427876096865393, 0.766044443118978, {"fixed": true}],
    [0.3213938048432697, -0.5566703992264193, 0.766044443118978, {"fixed": true}],
    [0.5566703992264191, -0.3213938048432699, 0.766044443118978, {"fixed": true}]
  ],
  "edges": [
    [0, 1],
    [1, 2],
    [2, 0],
    [2, 3],
    [3, 0],
    [3, 4],
    [4, 0],
    [4, 5],
    [5, 0],
    [5, 6],
    [6, 0],
    [6, 7],
    [7, 0],
    [7, 8],
    [8, 0],
    [8, 9],
    [9, 0],
    [9, 10],
    [10, 0],
    [10, 11],
    [11, 0],
    [11, 12],
    [12, 0],
    [12, 1],
    [2, 14],
    [14, 1],
    [14, 13],
    [13, 1],
    [3, 15],
    [15, 2],
    [15, 14],
    [4, 16],
    [16, 3],
    [16, 15],
    [5, 17],
    [17, 4],
    [17, 16],
    [6, 18],
    [18, 5],
    [18, 17],
    [7, 19],
    [19, 6],
    [19, 18],
    [8, 20],
    [20, 7],
    [20, 19],
    [9, 21],
    [21, 8],
    [21, 20],
    [10, 22],
    [22, 9],
    [22, 21],
    [11, 23],
    [23, 10],
    [23, 22],
    [12, 24],
    [24, 11],
    [24, 23],
    [13, 12],
    [13, 24]
  ],
  "faces": [
    [0, 1, 2],
    ["r2", 3, 4],
    ["r4", 5, 6],
    ["r6", 7, 8],
    ["r8", 9, 10],
    ["r10", 11, 12],
    ["r12", 13, 14],
    ["r14", 15, 16],
    ["r16", 17, 18],
    ["r18", 19, 20],
    ["r20", 21, 22],
    ["r22", 23, "r0"],
    [1, 24, 25],
    ["r25", 26, 27],
    [3, 28, 29],
    ["r29", 30, "r24"],
    [5, 31, 32],
    ["r32", 33, "r28"],
    [7, 34, 35],
    ["r35", 36, "r31"],
    [9, 37, 38],
    ["r38", 39, "r34"],
    [11, 40, 41],
    ["r41", 42, "r37"],
    [13, 43, 44],
    ["r44", 45, "r40"],
    [15, 46, 47],
    ["r47", 48, "r43"],
    [17, 49, 50],
    ["r50", 51, "r46"],
    [19, 52, 53],
    ["r53", 54, "r49"],
    [21, 55, 56],
    ["r56", 57, "r52"],
    [23, "r27", 58],
    ["r58", 59, "r55"]
  ],
  "energy_modules": ["bending"],
  "global_parameters": {
    "bending_modulus": 1.0,
    "bending_energy_model": "helfrich",
    "spontaneous_curvature": 2.0,
    "bending_gradient_mode": "analytic",
    "surface_tension": 0.0,
    "volume_constraint_mode": "none"
  }
}
